place,title,time,pay,date
경남 김해시,신선녹즙,06:00~09:30,"월급 900,000",1분전
경기 고양시,풀무원녹즙 일산중부가맹점,07:30~09:30,"월급 700,000",2분전
경기 전체,풀무원 건강생활 성남홈 가맹점,22:00~06:00,"월급 700,000",2분전
충남 논산시,풀무원녹즙 논산가맹점,07:00~11:00,"월급 1,000,000",3분전
경기 용인시,풀무원녹즙수지동부가맹점,07:30~11:00,"월급 1,000,000",11분전
경기 고양시,풀무원녹즙 일산중부가맹점,08:00~10:00,"월급 700,000",12분전
대전 유성구,풀무원녹즙 대전테크노오피스가맹점,08:00~12:00,"월급 1,000,000",15분전
대전 유성구,풀무원녹즙 대전테크노오피스가맹점,07:30~11:30,"월급 1,000,000",15분전
광주 북구,광주북구북부오피스 풀무원녹즙가맹점,07:00~11:00,"월급 1,500,000",19분전
대전 유성구,풀무원녹즙 대전유성지사,07:00~11:00,"월급 1,000,000",20분전
서울 강남구,풀무원 녹즙 논현 남부 오피스,07:00~11:40,"월급 1,500,000",26분전
서울 마포구,풀무원건강생활 마포홈가맹점,00:00~07:00,"월급 700,000",30분전
서울 마포구,풀무원건강생활 마포홈가맹점,00:00~07:00,"월급 700,000",30분전
경기 수원시,풀무원녹즙 수원장안홈가맹점,13:00~22:00,"월급 2,000,000",35분전
울산 남구,새싹녹즙,07:30~10:00,"월급 600,000",41분전
울산 남구,새싹녹즙,07:30~10:00,"월급 600,000",41분전
울산 남구,새싹녹즙,07:30~10:00,"월급 600,000",41분전
경기 파주시,풀무원녹즙 파주가맹점,07:00~11:00,"월급 800,000",44분전
부산 전체,올리브팜,10:00~18:00,"건별 30,000",50분전
부산 해운대,풀무원녹즙,07:30~10:00,"월급 600,000",53분전
경기 평택시,푸른녹즙,07:00~11:00,"건별 10,000",1시간전
서울 동작구,풀무원녹즙 반포특판가맹점,07:30~11:30,"월급 800,000",1시간전
경북 경산시,풀무원건강생활 경산가맹점,08:00~12:00,"월급 1,000,000",1시간전
대구 동구,풀무원녹즙대구동구오피스가맹점,08:00~12:00,"월급 1,000,000",1시간전
경북 청도군,풀무원건강생활,08:00~12:00,"월급 1,200,000",1시간전
부산 금정구,풀무원건강생활 부산금정가맹점,07:30~11:30,"일급 40,000",1시간전
인천 서구,"풀무원건강생활 계양,서구특판가맹점",08:00~10:30,"월급 700,000",1시간전
인천 서구,풀무원건강생활 서인천가맹점,08:00~10:30,"월급 700,000",1시간전
경북 청도군,풀무원건강생활,08:00~12:00,"월급 1,200,000",1시간전
광주 서구,풀무원녹즙 광주상무지사,07:20~12:00,"시급 10,000",2시간전
서울 강남구,풀무원 녹즙 논현 남부 오피스,07:00~11:40,"월급 1,500,000",2시간전
부산 연제구,풀무원녹즙연제구지사,10:00~17:00,"월급 1,500,000",2시간전
충북 청주시,풀무원녹즙 청주흥덕오피스가맹점,08:00~12:00,"월급 600,000",2시간전
대구 동구,풀무원녹즙대구동구오피스가맹점,08:00~12:00,"월급 1,000,000",2시간전
경기 수원시,영통녹즙,23:20~01:20,"월급 550,000",2시간전
전북 전주시,풀무원녹즙 전주덕진오피스,08:00~10:00,"월급 1,000,000",2시간전
서울 서대문,풀무원건강생활 중구남부오피스가맹점,07:00~12:00,"월급 1,200,000",2시간전
서울 마포구,풀무원건강생활 중구남부오피스가맹점,07:00~12:00,"월급 1,200,000",2시간전
서울 강북구,강북구 풀무원녹즙,08:00~11:00,"월급 500,000",2시간전
서울 용산구,풀무원건강생활 중구남부오피스가맹점,07:00~12:00,"월급 1,200,000",2시간전
광주 남구,풀무원녹즙 광주남구오피스,07:00~11:30,"월급 1,100,000",2시간전
광주 서구,풀무원녹즙 광주남구오피스,07:00~11:30,"월급 1,100,000",2시간전
경기 하남시,풀무원녹즙 하남오피스,07:00~11:00,"월급 1,000,000",2시간전
경기 하남시,풀무원녹즙 하남오피스,07:00~11:00,"월급 1,000,000",3시간전
경기 성남시,풀무원녹즙 성남가맹점(포도나무녹즙),08:00~11:30,"월급 1,000,000",3시간전
대구 동구,풀무원녹즙대구동구오피스가맹점,08:00~12:00,"월급 1,000,000",3시간전
서울 강동구,강동서부녹즙,07:00~11:00,"시급 10,000",3시간전
광주 북구,광주북구북부오피스 풀무원녹즙가맹점,07:00~11:00,"월급 1,500,000",3시간전
광주 광산구,풀무원녹즙 광산지사,07:30~12:00,"월급 1,200,000",3시간전
광주 광산구,풀무원녹즙 광산지사,07:30~12:00,"월급 1,200,000",3시간전
